id,bank_org,address,coords,exchange_rates
4558337257155510391,БНБ-Банк,"Минск, пр-т Победителей, 65 (ТЦ «Замок»)","53.926345885399,27.518212789688","[{""curr_from"": ""byn"", ""curr_to"": ""usd"", ""rate"": ""2.908""}, {""curr_from"": ""usd"", ""curr_to"": ""byn"", ""rate"": ""2.8905""}]"
5846770922416646499,БНБ-Банк,"Минск, ул. Налибокская, 36 (ТЦ «Квадро»)","53.927832074704,27.433165060188","[{""curr_from"": ""byn"", ""curr_to"": ""usd"", ""rate"": ""2.908""}, {""curr_from"": ""usd"", ""curr_to"": ""byn"", ""rate"": ""2.8""}]"
4601770974987492892,БНБ-Банк,"Минск, ул. Притыцкого, 29 (ТЦ «Тивали»)","53.908080068822,27.484298965637","[{""curr_from"": ""byn"", ""curr_to"": ""usd"", ""rate"": ""2.908""}, {""curr_from"": ""usd"", ""curr_to"": ""byn"", ""rate"": ""2.8""}]"
-7136561069451131392,БНБ-Банк,"Минск, ул. Мстиславца, 11 (ТЦ «Dana Mall»)","53.933698,27.652534","[{""curr_from"": ""byn"", ""curr_to"": ""usd"", ""rate"": ""2.908""}, {""curr_from"": ""usd"", ""curr_to"": ""byn"", ""rate"": ""2.8""}]"
-3366013373390256433,БНБ-Банк,"Минский район, Боровлянский с/с, 74/1 (ТЦ «Экспобел»)","53.964443,27.624021","[{""curr_from"": ""byn"", ""curr_to"": ""usd"", ""rate"": ""2.908""}, {""curr_from"": ""usd"", ""curr_to"": ""byn"", ""rate"": ""2.8975""}]"
4888936628862289351,БНБ-Банк,"г. Минск, ул. Шаранговича, 21 (ТЦ «Гудвил»)","53.88496,27.451042","[{""curr_from"": ""byn"", ""curr_to"": ""usd"", ""rate"": ""2.908""}, {""curr_from"": ""usd"", ""curr_to"": ""byn"", ""rate"": ""2.8""}]"
6535714858791159367,БНБ-Банк,"Минск, ул. Рудобельская,3 (ТЦ «Greentime»)","53.861235,27.638305","[{""curr_from"": ""byn"", ""curr_to"": ""usd"", ""rate"": ""2.908""}, {""curr_from"": ""usd"", ""curr_to"": ""byn"", ""rate"": ""2.8""}]"
5175352278903458120,БНБ-Банк,"Минск, ул. Братская, 18 (ТОЦ «Aвиа Молл»), нулевой этаж","53.867023,27.548563","[{""curr_from"": ""byn"", ""curr_to"": ""usd"", ""rate"": ""2.908""}, {""curr_from"": ""usd"", ""curr_to"": ""byn"", ""rate"": ""2.8905""}]"
3366658510370585994,БНБ-Банк,"Минск, пр-т. Партизанский, 79 (ТЦ «Prizma»)","53.876573,27.625863","[{""curr_from"": ""byn"", ""curr_to"": ""usd"", ""rate"": ""2.908""}, {""curr_from"": ""usd"", ""curr_to"": ""byn"", ""rate"": ""2.8""}]"
1714061436656806108,БНБ-Банк,"Минская область, Минский район, Новодворский с/с, район д. Большое Стиклево, 126 (ТЦ «Яркий»)","53.866933,27.693389","[{""curr_from"": ""byn"", ""curr_to"": ""usd"", ""rate"": ""2.908""}, {""curr_from"": ""usd"", ""curr_to"": ""byn"", ""rate"": ""2.8""}]"
-4713751552390781063,БСБ Банк,"г.Минск, Независимости пр., 154","53.936303,27.67323","[{""curr_from"": ""byn"", ""curr_to"": ""usd"", ""rate"": ""2.908""}, {""curr_from"": ""usd"", ""curr_to"": ""byn"", ""rate"": ""2.897""}]"
7794824047538744294,БСБ Банк,"г.Минск, Победителей пр., 65","53.926449,27.518349","[{""curr_from"": ""byn"", ""curr_to"": ""usd"", ""rate"": ""2.908""}, {""curr_from"": ""usd"", ""curr_to"": ""byn"", ""rate"": ""2.88""}]"
-5496775103642963429,СтатусБанк,"Минск и Минский р-н, Минская обл., Минский район, Боровлянский с/с, 74A, район д.Боровая,ТРЦ ""Expobel"" (1 этаж)","53.964257201888,27.624696331462","[{""curr_from"": ""byn"", ""curr_to"": ""usd"", ""rate"": ""2.908""}, {""curr_from"": ""usd"", ""curr_to"": ""byn"", ""rate"": ""2.897""}]"
2781979116545593449,СтатусБанк,"Минск и Минский р-н, г. Минск, пр. Независимости, 154,ТЦ ""Корона""","53.936242242177,27.67325231314","[{""curr_from"": ""byn"", ""curr_to"": ""usd"", ""rate"": ""2.908""}, {""curr_from"": ""usd"", ""curr_to"": ""byn"", ""rate"": ""2.897""}]"
8136101711572647095,Паритетбанк,"г. Минск, улица Киселева 61А","53.915008,27.560412","[{""curr_from"": ""byn"", ""curr_to"": ""usd"", ""rate"": ""2.908""}, {""curr_from"": ""usd"", ""curr_to"": ""byn"", ""rate"": ""2.885""}]"
-4611096981472774709,Паритетбанк,"г. Минск, улица Гамарника 9к4","53.955501,27.611337","[{""curr_from"": ""byn"", ""curr_to"": ""usd"", ""rate"": ""2.908""}, {""curr_from"": ""usd"", ""curr_to"": ""byn"", ""rate"": ""2.89""}]"
2463710731803190638,Паритетбанк,"г. Минск, улица Бобруйская 15","53.891473,27.553198","[{""curr_from"": ""byn"", ""curr_to"": ""usd"", ""rate"": ""2.908""}, {""curr_from"": ""usd"", ""curr_to"": ""byn"", ""rate"": ""2.878""}]"
7657474455313946278,Паритетбанк,"г. Минск, Боровлянский сельсовет 74","53.964287,27.623771","[{""curr_from"": ""byn"", ""curr_to"": ""usd"", ""rate"": ""2.908""}, {""curr_from"": ""usd"", ""curr_to"": ""byn"", ""rate"": ""2.89""}]"
-7797556375999566462,Паритетбанк,"г. Минск, улица Притыцкого 97 - 463","53.90595,27.43655","[{""curr_from"": ""byn"", ""curr_to"": ""usd"", ""rate"": ""2.908""}, {""curr_from"": ""usd"", ""curr_to"": ""byn"", ""rate"": ""2.89""}]"
2938053085790046390,Паритетбанк,"г. Минск, проспект Мира 4","53.870304,27.547108","[{""curr_from"": ""byn"", ""curr_to"": ""usd"", ""rate"": ""2.908""}, {""curr_from"": ""usd"", ""curr_to"": ""byn"", ""rate"": ""2.89""}]"
-7859990706915709956,Паритетбанк,"г. Минск, улица Братская 18","53.867179,27.548504","[{""curr_from"": ""byn"", ""curr_to"": ""usd"", ""rate"": ""2.908""}, {""curr_from"": ""usd"", ""curr_to"": ""byn"", ""rate"": ""2.89""}]"
9190606324355908399,Паритетбанк,"г. Минск, улица Братская 18","53.867199,27.548554","[{""curr_from"": ""byn"", ""curr_to"": ""usd"", ""rate"": ""2.908""}, {""curr_from"": ""usd"", ""curr_to"": ""byn"", ""rate"": ""2.89""}]"
-7888102352399908910,Банк РРБ,"г. Минск, ул. Бобруйская, 6 (ТРЦ Galileo)","53.890128,27.554689","[{""curr_from"": ""byn"", ""curr_to"": ""usd"", ""rate"": ""2.908""}, {""curr_from"": ""usd"", ""curr_to"": ""byn"", ""rate"": ""2.897""}]"
7590369549785860707,БНБ-Банк,"г. Минск, ул. Маяковского, 6 (ТЦ «Червенский»)","53.884662,27.56573","[{""curr_from"": ""byn"", ""curr_to"": ""usd"", ""rate"": ""2.9095""}, {""curr_from"": ""usd"", ""curr_to"": ""byn"", ""rate"": ""2.8905""}]"
-1892335291353100812,БНБ-Банк,"Минск, пр-т. Партизанский, 182 (ТЦ «Green-Шабаны»)","53.84894,27.699067","[{""curr_from"": ""byn"", ""curr_to"": ""usd"", ""rate"": ""2.9095""}, {""curr_from"": ""usd"", ""curr_to"": ""byn"", ""rate"": ""2.8905""}]"
864846658481261014,БНБ-Банк,"Минск, ул. Уборевича, 176 (ТЦ «Green-Чижовка»)","53.835584,27.606082","[{""curr_from"": ""byn"", ""curr_to"": ""usd"", ""rate"": ""2.9095""}, {""curr_from"": ""usd"", ""curr_to"": ""byn"", ""rate"": ""2.8905""}]"
-2480486367884064618,БСБ Банк,"г.Минск, Тимирязева ул., 67","53.925193,27.50835","[{""curr_from"": ""byn"", ""curr_to"": ""usd"", ""rate"": ""2.91""}, {""curr_from"": ""usd"", ""curr_to"": ""byn"", ""rate"": ""2.88""}]"
4006661276428895977,БСБ Банк,"г.Минск, Купалы ул., 25","53.905529,27.561406","[{""curr_from"": ""byn"", ""curr_to"": ""usd"", ""rate"": ""2.91""}, {""curr_from"": ""usd"", ""curr_to"": ""byn"", ""rate"": ""2.86""}]"
-7915121055923445774,БСБ Банк,"г.Минск, П. Глебки ул., 5","53.908576,27.469576","[{""curr_from"": ""byn"", ""curr_to"": ""usd"", ""rate"": ""2.91""}, {""curr_from"": ""usd"", ""curr_to"": ""byn"", ""rate"": ""2.88""}]"
-7044699098501270344,МТБанк,"г. Минск, ул. Уманская, 54 (ТЦ ""Глобо"")","53.874918,27.498212","[{""curr_from"": ""byn"", ""curr_to"": ""usd"", ""rate"": ""2.91""}, {""curr_from"": ""usd"", ""curr_to"": ""byn"", ""rate"": ""2.89""}]"
8811602074423099754,МТБанк,"г. Минск, ул. Уманская, 54, ТЦ «Глобо», 1 этаж","53.874532,27.498716","[{""curr_from"": ""byn"", ""curr_to"": ""usd"", ""rate"": ""2.91""}, {""curr_from"": ""usd"", ""curr_to"": ""byn"", ""rate"": ""2.89""}]"
4913373617673415777,МТБанк,"г. Минск, пр-т Партизанский 79 (ТЦ “Prizma”)","53.874579767577,27.630109229497","[{""curr_from"": ""byn"", ""curr_to"": ""usd"", ""rate"": ""2.91""}, {""curr_from"": ""usd"", ""curr_to"": ""byn"", ""rate"": ""2.89""}]"
-3484887222203594610,МТБанк,"г. Минск, пр-т Партизанский, 150а (ТЦ МОМО)","53.859478223834,27.674203890213","[{""curr_from"": ""byn"", ""curr_to"": ""usd"", ""rate"": ""2.91""}, {""curr_from"": ""usd"", ""curr_to"": ""byn"", ""rate"": ""2.89""}]"
-7512315482863900385,МТБанк,"г. Минск, ул. Бобруйская, 6 (ТЦ ""Galileo"", 3-й этаж)","53.89020145635,27.554396457999","[{""curr_from"": ""byn"", ""curr_to"": ""usd"", ""rate"": ""2.91""}, {""curr_from"": ""usd"", ""curr_to"": ""byn"", ""rate"": ""2.89""}]"
-8507926476073230478,МТБанк,"г. Минск, пр-т Победителей, 65","53.926266,27.517472","[{""curr_from"": ""byn"", ""curr_to"": ""usd"", ""rate"": ""2.91""}, {""curr_from"": ""usd"", ""curr_to"": ""byn"", ""rate"": ""2.89""}]"
-7818316050649262266,МТБанк,"Минский район, пересечение Логойского тракта и МКАД (ТРЦ «EXPOBEL»)","53.964443,27.624021","[{""curr_from"": ""byn"", ""curr_to"": ""usd"", ""rate"": ""2.91""}, {""curr_from"": ""usd"", ""curr_to"": ""byn"", ""rate"": ""2.89""}]"
-2543151351184441227,МТБанк,"г. Минск, ул. Кальварийская, 24","53.908039,27.527327","[{""curr_from"": ""byn"", ""curr_to"": ""usd"", ""rate"": ""2.91""}, {""curr_from"": ""usd"", ""curr_to"": ""byn"", ""rate"": ""2.89""}]"
3721028083730868909,МТБанк,"г. Минск, ул. Казимировская, 6 (магазин Евроопт)","53.917538,27.429321","[{""curr_from"": ""byn"", ""curr_to"": ""usd"", ""rate"": ""2.91""}, {""curr_from"": ""usd"", ""curr_to"": ""byn"", ""rate"": ""2.89""}]"
-5867834154134429601,МТБанк,"г. Минск, ул. Уборевича, 176","53.835584,27.606082","[{""curr_from"": ""byn"", ""curr_to"": ""usd"", ""rate"": ""2.91""}, {""curr_from"": ""usd"", ""curr_to"": ""byn"", ""rate"": ""2.89""}]"
-5027361595875033561,МТБанк,"г. Минск, пр-т Партизанский, 182 (GREEN)","53.84894,27.699067","[{""curr_from"": ""byn"", ""curr_to"": ""usd"", ""rate"": ""2.91""}, {""curr_from"": ""usd"", ""curr_to"": ""byn"", ""rate"": ""2.89""}]"
8476239700492493454,МТБанк,"г. Минск, пр-т Партизанский 79 (ТЦ Prizma)","53.876573,27.625863","[{""curr_from"": ""byn"", ""curr_to"": ""usd"", ""rate"": ""2.91""}, {""curr_from"": ""usd"", ""curr_to"": ""byn"", ""rate"": ""2.89""}]"
8380449919152972660,МТБанк,г. Минск ул. Братская 18,"53.867023,27.548563","[{""curr_from"": ""byn"", ""curr_to"": ""usd"", ""rate"": ""2.91""}, {""curr_from"": ""usd"", ""curr_to"": ""byn"", ""rate"": ""2.89""}]"
-7938361941323911994,Технобанк,ул. Кропоткина 44,"53.9165649943,27.5572592454","[{""curr_from"": ""byn"", ""curr_to"": ""usd"", ""rate"": ""2.91""}, {""curr_from"": ""usd"", ""curr_to"": ""byn"", ""rate"": ""2.885""}]"
525509825820938359,Технобанк,"г. Минск, ул. Володарского, 4","53.8982465234,27.549922746","[{""curr_from"": ""byn"", ""curr_to"": ""usd"", ""rate"": ""2.91""}, {""curr_from"": ""usd"", ""curr_to"": ""byn"", ""rate"": ""2.885""}]"
-2430380956126054258,Технобанк,"г. Минск, ул. Руссиянова, 8","53.9430013296,27.687411411","[{""curr_from"": ""byn"", ""curr_to"": ""usd"", ""rate"": ""2.91""}, {""curr_from"": ""usd"", ""curr_to"": ""byn"", ""rate"": ""2.885""}]"
4957620946055403933,Технобанк,"г. Минск, пр.Независимости, 117а, (вход со стороны ул.Филимонова)","53.9318911887,27.637019584","[{""curr_from"": ""byn"", ""curr_to"": ""usd"", ""rate"": ""2.91""}, {""curr_from"": ""usd"", ""curr_to"": ""byn"", ""rate"": ""2.885""}]"
-1884746232553473030,Технобанк,"г. Минск, ул. Маяковского,6","53.884753825866,27.565779364918","[{""curr_from"": ""byn"", ""curr_to"": ""usd"", ""rate"": ""2.91""}, {""curr_from"": ""usd"", ""curr_to"": ""byn"", ""rate"": ""2.885""}]"
9050957514704132773,Технобанк,"г. Минск, ул. Мельникайте, 8","53.9082470096,27.5441675595","[{""curr_from"": ""byn"", ""curr_to"": ""usd"", ""rate"": ""2.91""}, {""curr_from"": ""usd"", ""curr_to"": ""byn"", ""rate"": ""2.885""}]"
6405843532188203464,Технобанк,"г. Минск, пр. Победителей, 65-1, ТРЦ «Замок»","53.9267705851,27.5178023314","[{""curr_from"": ""byn"", ""curr_to"": ""usd"", ""rate"": ""2.91""}, {""curr_from"": ""usd"", ""curr_to"": ""byn"", ""rate"": ""2.885""}]"
-3214022265666285373,,,"53.926345885399,27.518212789688","[{""curr_from"": ""byn"", ""curr_to"": ""usd"", ""rate"": """"}, {""curr_from"": ""usd"", ""curr_to"": ""byn"", ""rate"": """"}]"
-5014837118061803904,,,"53.927832074704,27.433165060188","[{""curr_from"": ""byn"", ""curr_to"": ""usd"", ""rate"": """"}, {""curr_from"": ""usd"", ""curr_to"": ""byn"", ""rate"": """"}]"
3466745145829908924,,,"53.908080068822,27.484298965637","[{""curr_from"": ""byn"", ""curr_to"": ""usd"", ""rate"": """"}, {""curr_from"": ""usd"", ""curr_to"": ""byn"", ""rate"": """"}]"
8570373029181109243,,,"53.933698,27.652534","[{""curr_from"": ""byn"", ""curr_to"": ""usd"", ""rate"": """"}, {""curr_from"": ""usd"", ""curr_to"": ""byn"", ""rate"": """"}]"
3784688703100655972,,,"53.964443,27.624021","[{""curr_from"": ""byn"", ""curr_to"": ""usd"", ""rate"": """"}, {""curr_from"": ""usd"", ""curr_to"": ""byn"", ""rate"": """"}]"
5270554040658159072,,,"53.88496,27.451042","[{""curr_from"": ""byn"", ""curr_to"": ""usd"", ""rate"": """"}, {""curr_from"": ""usd"", ""curr_to"": ""byn"", ""rate"": """"}]"
3578836385440616575,,,"53.861235,27.638305","[{""curr_from"": ""byn"", ""curr_to"": ""usd"", ""rate"": """"}, {""curr_from"": ""usd"", ""curr_to"": ""byn"", ""rate"": """"}]"
801622009862352499,,,"53.867023,27.548563","[{""curr_from"": ""byn"", ""curr_to"": ""usd"", ""rate"": """"}, {""curr_from"": ""usd"", ""curr_to"": ""byn"", ""rate"": """"}]"
-402742311173456598,,,"53.876573,27.625863","[{""curr_from"": ""byn"", ""curr_to"": ""usd"", ""rate"": """"}, {""curr_from"": ""usd"", ""curr_to"": ""byn"", ""rate"": """"}]"
5542937586576961827,,,"53.866933,27.693389","[{""curr_from"": ""byn"", ""curr_to"": ""usd"", ""rate"": """"}, {""curr_from"": ""usd"", ""curr_to"": ""byn"", ""rate"": """"}]"
-3274135519817021510,,,"53.936303,27.67323","[{""curr_from"": ""byn"", ""curr_to"": ""usd"", ""rate"": """"}, {""curr_from"": ""usd"", ""curr_to"": ""byn"", ""rate"": """"}]"
-4905518716588080074,,,"53.926449,27.518349","[{""curr_from"": ""byn"", ""curr_to"": ""usd"", ""rate"": """"}, {""curr_from"": ""usd"", ""curr_to"": ""byn"", ""rate"": """"}]"
870337128846015781,,,"53.964257201888,27.624696331462","[{""curr_from"": ""byn"", ""curr_to"": ""usd"", ""rate"": """"}, {""curr_from"": ""usd"", ""curr_to"": ""byn"", ""rate"": """"}]"
6747937229976630702,,,"53.936242242177,27.67325231314","[{""curr_from"": ""byn"", ""curr_to"": ""usd"", ""rate"": """"}, {""curr_from"": ""usd"", ""curr_to"": ""byn"", ""rate"": """"}]"
-3294276045419059154,,,"53.915008,27.560412","[{""curr_from"": ""byn"", ""curr_to"": ""usd"", ""rate"": """"}, {""curr_from"": ""usd"", ""curr_to"": ""byn"", ""rate"": """"}]"
-9109064241874303736,,,"53.955501,27.611337","[{""curr_from"": ""byn"", ""curr_to"": ""usd"", ""rate"": """"}, {""curr_from"": ""usd"", ""curr_to"": ""byn"", ""rate"": """"}]"
6519133838874282167,,,"53.891473,27.553198","[{""curr_from"": ""byn"", ""curr_to"": ""usd"", ""rate"": """"}, {""curr_from"": ""usd"", ""curr_to"": ""byn"", ""rate"": """"}]"
9157231680706610254,,,"53.964287,27.623771","[{""curr_from"": ""byn"", ""curr_to"": ""usd"", ""rate"": """"}, {""curr_from"": ""usd"", ""curr_to"": ""byn"", ""rate"": """"}]"
3444978944385517595,,,"53.90595,27.43655","[{""curr_from"": ""byn"", ""curr_to"": ""usd"", ""rate"": """"}, {""curr_from"": ""usd"", ""curr_to"": ""byn"", ""rate"": """"}]"
4636065843953944242,,,"53.870304,27.547108","[{""curr_from"": ""byn"", ""curr_to"": ""usd"", ""rate"": """"}, {""curr_from"": ""usd"", ""curr_to"": ""byn"", ""rate"": """"}]"
-2446262224353563841,,,"53.867179,27.548504","[{""curr_from"": ""byn"", ""curr_to"": ""usd"", ""rate"": """"}, {""curr_from"": ""usd"", ""curr_to"": ""byn"", ""rate"": """"}]"
6155685231587135187,,,"53.867199,27.548554","[{""curr_from"": ""byn"", ""curr_to"": ""usd"", ""rate"": """"}, {""curr_from"": ""usd"", ""curr_to"": ""byn"", ""rate"": """"}]"
527933126179163905,,,"53.890128,27.554689","[{""curr_from"": ""byn"", ""curr_to"": ""usd"", ""rate"": """"}, {""curr_from"": ""usd"", ""curr_to"": ""byn"", ""rate"": """"}]"
-4939353157783709958,,,"53.884662,27.56573","[{""curr_from"": ""byn"", ""curr_to"": ""usd"", ""rate"": """"}, {""curr_from"": ""usd"", ""curr_to"": ""byn"", ""rate"": """"}]"
-2388432907474046547,,,"53.84894,27.699067","[{""curr_from"": ""byn"", ""curr_to"": ""usd"", ""rate"": """"}, {""curr_from"": ""usd"", ""curr_to"": ""byn"", ""rate"": """"}]"
-3808501425258485081,,,"53.835584,27.606082","[{""curr_from"": ""byn"", ""curr_to"": ""usd"", ""rate"": """"}, {""curr_from"": ""usd"", ""curr_to"": ""byn"", ""rate"": """"}]"
-2919758524811770559,,,"53.925193,27.50835","[{""curr_from"": ""byn"", ""curr_to"": ""usd"", ""rate"": """"}, {""curr_from"": ""usd"", ""curr_to"": ""byn"", ""rate"": """"}]"
-6631973980894038911,,,"53.905529,27.561406","[{""curr_from"": ""byn"", ""curr_to"": ""usd"", ""rate"": """"}, {""curr_from"": ""usd"", ""curr_to"": ""byn"", ""rate"": """"}]"
-7109694859064574047,,,"53.908576,27.469576","[{""curr_from"": ""byn"", ""curr_to"": ""usd"", ""rate"": """"}, {""curr_from"": ""usd"", ""curr_to"": ""byn"", ""rate"": """"}]"
-6969790993753135650,,,"53.874918,27.498212","[{""curr_from"": ""byn"", ""curr_to"": ""usd"", ""rate"": """"}, {""curr_from"": ""usd"", ""curr_to"": ""byn"", ""rate"": """"}]"
2312900259470479322,,,"53.874532,27.498716","[{""curr_from"": ""byn"", ""curr_to"": ""usd"", ""rate"": """"}, {""curr_from"": ""usd"", ""curr_to"": ""byn"", ""rate"": """"}]"
-7304480305214801878,,,"53.874579767577,27.630109229497","[{""curr_from"": ""byn"", ""curr_to"": ""usd"", ""rate"": """"}, {""curr_from"": ""usd"", ""curr_to"": ""byn"", ""rate"": """"}]"
1188782440114316873,,,"53.859478223834,27.674203890213","[{""curr_from"": ""byn"", ""curr_to"": ""usd"", ""rate"": """"}, {""curr_from"": ""usd"", ""curr_to"": ""byn"", ""rate"": """"}]"
2439916160175758503,,,"53.89020145635,27.554396457999","[{""curr_from"": ""byn"", ""curr_to"": ""usd"", ""rate"": """"}, {""curr_from"": ""usd"", ""curr_to"": ""byn"", ""rate"": """"}]"
-1890254759921498364,,,"53.926266,27.517472","[{""curr_from"": ""byn"", ""curr_to"": ""usd"", ""rate"": """"}, {""curr_from"": ""usd"", ""curr_to"": ""byn"", ""rate"": """"}]"
-3137698338183496966,БНБ-Банк,"Минск, пр-т Победителей, 65 (ТЦ «Замок»)","53.926345885399,27.518212789688","[{""curr_from"": ""byn"", ""curr_to"": ""usd"", ""rate"": ""2.908""}, {""curr_from"": ""usd"", ""curr_to"": ""byn"", ""rate"": ""2.8905""}]"
-6464352142680078631,БНБ-Банк,"Минск, ул. Налибокская, 36 (ТЦ «Квадро»)","53.927832074704,27.433165060188","[{""curr_from"": ""byn"", ""curr_to"": ""usd"", ""rate"": ""2.908""}, {""curr_from"": ""usd"", ""curr_to"": ""byn"", ""rate"": ""2.8""}]"
3107327736341964736,БНБ-Банк,"Минск, ул. Притыцкого, 29 (ТЦ «Тивали»)","53.908080068822,27.484298965637","[{""curr_from"": ""byn"", ""curr_to"": ""usd"", ""rate"": ""2.908""}, {""curr_from"": ""usd"", ""curr_to"": ""byn"", ""rate"": ""2.8""}]"
339837388241683224,БНБ-Банк,"Минск, ул. Мстиславца, 11 (ТЦ «Dana Mall»)","53.933698,27.652534","[{""curr_from"": ""byn"", ""curr_to"": ""usd"", ""rate"": ""2.908""}, {""curr_from"": ""usd"", ""curr_to"": ""byn"", ""rate"": ""2.8""}]"
-3869178854367145760,БНБ-Банк,"Минский район, Боровлянский с/с, 74/1 (ТЦ «Экспобел»)","53.964443,27.624021","[{""curr_from"": ""byn"", ""curr_to"": ""usd"", ""rate"": ""2.908""}, {""curr_from"": ""usd"", ""curr_to"": ""byn"", ""rate"": ""2.8975""}]"
-301677048547070769,БНБ-Банк,"г. Минск, ул. Шаранговича, 21 (ТЦ «Гудвил»)","53.88496,27.451042","[{""curr_from"": ""byn"", ""curr_to"": ""usd"", ""rate"": ""2.908""}, {""curr_from"": ""usd"", ""curr_to"": ""byn"", ""rate"": ""2.8""}]"
-3430225058150513287,БНБ-Банк,"Минск, ул. Рудобельская,3 (ТЦ «Greentime»)","53.861235,27.638305","[{""curr_from"": ""byn"", ""curr_to"": ""usd"", ""rate"": ""2.908""}, {""curr_from"": ""usd"", ""curr_to"": ""byn"", ""rate"": ""2.8""}]"
-6717818375323251953,БНБ-Банк,"Минск, ул. Братская, 18 (ТОЦ «Aвиа Молл»), нулевой этаж","53.867023,27.548563","[{""curr_from"": ""byn"", ""curr_to"": ""usd"", ""rate"": ""2.908""}, {""curr_from"": ""usd"", ""curr_to"": ""byn"", ""rate"": ""2.8905""}]"
4310829505886408105,БНБ-Банк,"Минск, пр-т. Партизанский, 79 (ТЦ «Prizma»)","53.876573,27.625863","[{""curr_from"": ""byn"", ""curr_to"": ""usd"", ""rate"": ""2.908""}, {""curr_from"": ""usd"", ""curr_to"": ""byn"", ""rate"": ""2.8""}]"
-3688195266785376197,БНБ-Банк,"Минская область, Минский район, Новодворский с/с, район д. Большое Стиклево, 126 (ТЦ «Яркий»)","53.866933,27.693389","[{""curr_from"": ""byn"", ""curr_to"": ""usd"", ""rate"": ""2.908""}, {""curr_from"": ""usd"", ""curr_to"": ""byn"", ""rate"": ""2.8""}]"
-3235981407894199051,БСБ Банк,"г.Минск, Независимости пр., 154","53.936303,27.67323","[{""curr_from"": ""byn"", ""curr_to"": ""usd"", ""rate"": ""2.908""}, {""curr_from"": ""usd"", ""curr_to"": ""byn"", ""rate"": ""2.897""}]"
5906583030855136412,БСБ Банк,"г.Минск, Победителей пр., 65","53.926449,27.518349","[{""curr_from"": ""byn"", ""curr_to"": ""usd"", ""rate"": ""2.908""}, {""curr_from"": ""usd"", ""curr_to"": ""byn"", ""rate"": ""2.88""}]"
-4674105490137923464,СтатусБанк,"Минск и Минский р-н, Минская обл., Минский район, Боровлянский с/с, 74A, район д.Боровая,ТРЦ ""Expobel"" (1 этаж)","53.964257201888,27.624696331462","[{""curr_from"": ""byn"", ""curr_to"": ""usd"", ""rate"": ""2.908""}, {""curr_from"": ""usd"", ""curr_to"": ""byn"", ""rate"": ""2.897""}]"
-3730688398140980501,СтатусБанк,"Минск и Минский р-н, г. Минск, пр. Независимости, 154,ТЦ ""Корона""","53.936242242177,27.67325231314","[{""curr_from"": ""byn"", ""curr_to"": ""usd"", ""rate"": ""2.908""}, {""curr_from"": ""usd"", ""curr_to"": ""byn"", ""rate"": ""2.897""}]"
-5749743846277801457,Паритетбанк,"г. Минск, улица Киселева 61А","53.915008,27.560412","[{""curr_from"": ""byn"", ""curr_to"": ""usd"", ""rate"": ""2.908""}, {""curr_from"": ""usd"", ""curr_to"": ""byn"", ""rate"": ""2.885""}]"
6137448676621597414,Паритетбанк,"г. Минск, улица Гамарника 9к4","53.955501,27.611337","[{""curr_from"": ""byn"", ""curr_to"": ""usd"", ""rate"": ""2.908""}, {""curr_from"": ""usd"", ""curr_to"": ""byn"", ""rate"": ""2.89""}]"
-3534540752325865739,Паритетбанк,"г. Минск, улица Бобруйская 15","53.891473,27.553198","[{""curr_from"": ""byn"", ""curr_to"": ""usd"", ""rate"": ""2.908""}, {""curr_from"": ""usd"", ""curr_to"": ""byn"", ""rate"": ""2.878""}]"
-6067949975733898945,Паритетбанк,"г. Минск, Боровлянский сельсовет 74","53.964287,27.623771","[{""curr_from"": ""byn"", ""curr_to"": ""usd"", ""rate"": ""2.908""}, {""curr_from"": ""usd"", ""curr_to"": ""byn"", ""rate"": ""2.89""}]"
-5988679301521124788,Паритетбанк,"г. Минск, улица Притыцкого 97 - 463","53.90595,27.43655","[{""curr_from"": ""byn"", ""curr_to"": ""usd"", ""rate"": ""2.908""}, {""curr_from"": ""usd"", ""curr_to"": ""byn"", ""rate"": ""2.89""}]"
4775106045025880881,Паритетбанк,"г. Минск, проспект Мира 4","53.870304,27.547108","[{""curr_from"": ""byn"", ""curr_to"": ""usd"", ""rate"": ""2.908""}, {""curr_from"": ""usd"", ""curr_to"": ""byn"", ""rate"": ""2.89""}]"
-3474363639766591941,Паритетбанк,"г. Минск, улица Братская 18","53.867179,27.548504","[{""curr_from"": ""byn"", ""curr_to"": ""usd"", ""rate"": ""2.908""}, {""curr_from"": ""usd"", ""curr_to"": ""byn"", ""rate"": ""2.89""}]"
2158011812587022527,Паритетбанк,"г. Минск, улица Братская 18","53.867199,27.548554","[{""curr_from"": ""byn"", ""curr_to"": ""usd"", ""rate"": ""2.908""}, {""curr_from"": ""usd"", ""curr_to"": ""byn"", ""rate"": ""2.89""}]"
-7631526846057597837,Банк РРБ,"г. Минск, ул. Бобруйская, 6 (ТРЦ Galileo)","53.890128,27.554689","[{""curr_from"": ""byn"", ""curr_to"": ""usd"", ""rate"": ""2.908""}, {""curr_from"": ""usd"", ""curr_to"": ""byn"", ""rate"": ""2.897""}]"
-1614984577365368601,БНБ-Банк,"г. Минск, ул. Маяковского, 6 (ТЦ «Червенский»)","53.884662,27.56573","[{""curr_from"": ""byn"", ""curr_to"": ""usd"", ""rate"": ""2.9095""}, {""curr_from"": ""usd"", ""curr_to"": ""byn"", ""rate"": ""2.8905""}]"
6254665360471556873,БНБ-Банк,"Минск, пр-т. Партизанский, 182 (ТЦ «Green-Шабаны»)","53.84894,27.699067","[{""curr_from"": ""byn"", ""curr_to"": ""usd"", ""rate"": ""2.9095""}, {""curr_from"": ""usd"", ""curr_to"": ""byn"", ""rate"": ""2.8905""}]"
3534962443408360530,БНБ-Банк,"Минск, ул. Уборевича, 176 (ТЦ «Green-Чижовка»)","53.835584,27.606082","[{""curr_from"": ""byn"", ""curr_to"": ""usd"", ""rate"": ""2.9095""}, {""curr_from"": ""usd"", ""curr_to"": ""byn"", ""rate"": ""2.8905""}]"
410722684030929972,БСБ Банк,"г.Минск, Тимирязева ул., 67","53.925193,27.50835","[{""curr_from"": ""byn"", ""curr_to"": ""usd"", ""rate"": ""2.91""}, {""curr_from"": ""usd"", ""curr_to"": ""byn"", ""rate"": ""2.88""}]"
3644289192673425661,БСБ Банк,"г.Минск, Купалы ул., 25","53.905529,27.561406","[{""curr_from"": ""byn"", ""curr_to"": ""usd"", ""rate"": ""2.91""}, {""curr_from"": ""usd"", ""curr_to"": ""byn"", ""rate"": ""2.86""}]"
-3160610662020158131,БСБ Банк,"г.Минск, П. Глебки ул., 5","53.908576,27.469576","[{""curr_from"": ""byn"", ""curr_to"": ""usd"", ""rate"": ""2.91""}, {""curr_from"": ""usd"", ""curr_to"": ""byn"", ""rate"": ""2.88""}]"
5274151290959362450,МТБанк,"г. Минск, ул. Уманская, 54 (ТЦ ""Глобо"")","53.874918,27.498212","[{""curr_from"": ""byn"", ""curr_to"": ""usd"", ""rate"": ""2.91""}, {""curr_from"": ""usd"", ""curr_to"": ""byn"", ""rate"": ""2.89""}]"
-1967540761212469007,МТБанк,"г. Минск, ул. Уманская, 54, ТЦ «Глобо», 1 этаж","53.874532,27.498716","[{""curr_from"": ""byn"", ""curr_to"": ""usd"", ""rate"": ""2.91""}, {""curr_from"": ""usd"", ""curr_to"": ""byn"", ""rate"": ""2.89""}]"
9030375378061181172,МТБанк,"г. Минск, пр-т Партизанский 79 (ТЦ “Prizma”)","53.874579767577,27.630109229497","[{""curr_from"": ""byn"", ""curr_to"": ""usd"", ""rate"": ""2.91""}, {""curr_from"": ""usd"", ""curr_to"": ""byn"", ""rate"": ""2.89""}]"
6139696808317069201,МТБанк,"г. Минск, пр-т Партизанский, 150а (ТЦ МОМО)","53.859478223834,27.674203890213","[{""curr_from"": ""byn"", ""curr_to"": ""usd"", ""rate"": ""2.91""}, {""curr_from"": ""usd"", ""curr_to"": ""byn"", ""rate"": ""2.89""}]"
-6761568008796976048,МТБанк,"г. Минск, ул. Бобруйская, 6 (ТЦ ""Galileo"", 3-й этаж)","53.89020145635,27.554396457999","[{""curr_from"": ""byn"", ""curr_to"": ""usd"", ""rate"": ""2.91""}, {""curr_from"": ""usd"", ""curr_to"": ""byn"", ""rate"": ""2.89""}]"
5141842728692204206,МТБанк,"г. Минск, пр-т Победителей, 65","53.926266,27.517472","[{""curr_from"": ""byn"", ""curr_to"": ""usd"", ""rate"": ""2.91""}, {""curr_from"": ""usd"", ""curr_to"": ""byn"", ""rate"": ""2.89""}]"
7984196669083495448,МТБанк,"Минский район, пересечение Логойского тракта и МКАД (ТРЦ «EXPOBEL»)","53.964443,27.624021","[{""curr_from"": ""byn"", ""curr_to"": ""usd"", ""rate"": ""2.91""}, {""curr_from"": ""usd"", ""curr_to"": ""byn"", ""rate"": ""2.89""}]"
5216784726830525240,МТБанк,"г. Минск, ул. Кальварийская, 24","53.908039,27.527327","[{""curr_from"": ""byn"", ""curr_to"": ""usd"", ""rate"": ""2.91""}, {""curr_from"": ""usd"", ""curr_to"": ""byn"", ""rate"": ""2.89""}]"
-5422426054629923511,МТБанк,"г. Минск, ул. Казимировская, 6 (магазин Евроопт)","53.917538,27.429321","[{""curr_from"": ""byn"", ""curr_to"": ""usd"", ""rate"": ""2.91""}, {""curr_from"": ""usd"", ""curr_to"": ""byn"", ""rate"": ""2.89""}]"
8238288762498214537,МТБанк,"г. Минск, ул. Уборевича, 176","53.835584,27.606082","[{""curr_from"": ""byn"", ""curr_to"": ""usd"", ""rate"": ""2.91""}, {""curr_from"": ""usd"", ""curr_to"": ""byn"", ""rate"": ""2.89""}]"
-5311699410696924694,МТБанк,"г. Минск, пр-т Партизанский, 182 (GREEN)","53.84894,27.699067","[{""curr_from"": ""byn"", ""curr_to"": ""usd"", ""rate"": ""2.91""}, {""curr_from"": ""usd"", ""curr_to"": ""byn"", ""rate"": ""2.89""}]"
-322077151064085172,МТБанк,"г. Минск, пр-т Партизанский 79 (ТЦ Prizma)","53.876573,27.625863","[{""curr_from"": ""byn"", ""curr_to"": ""usd"", ""rate"": ""2.91""}, {""curr_from"": ""usd"", ""curr_to"": ""byn"", ""rate"": ""2.89""}]"
-653903715267930878,МТБанк,г. Минск ул. Братская 18,"53.867023,27.548563","[{""curr_from"": ""byn"", ""curr_to"": ""usd"", ""rate"": ""2.91""}, {""curr_from"": ""usd"", ""curr_to"": ""byn"", ""rate"": ""2.89""}]"
-1414310382807101398,Технобанк,ул. Кропоткина 44,"53.9165649943,27.5572592454","[{""curr_from"": ""byn"", ""curr_to"": ""usd"", ""rate"": ""2.91""}, {""curr_from"": ""usd"", ""curr_to"": ""byn"", ""rate"": ""2.885""}]"
-1380894131658646927,Технобанк,"г. Минск, ул. Володарского, 4","53.8982465234,27.549922746","[{""curr_from"": ""byn"", ""curr_to"": ""usd"", ""rate"": ""2.91""}, {""curr_from"": ""usd"", ""curr_to"": ""byn"", ""rate"": ""2.885""}]"
-9189773432044385644,Технобанк,"г. Минск, ул. Руссиянова, 8","53.9430013296,27.687411411","[{""curr_from"": ""byn"", ""curr_to"": ""usd"", ""rate"": ""2.91""}, {""curr_from"": ""usd"", ""curr_to"": ""byn"", ""rate"": ""2.885""}]"
4578168991463744903,Технобанк,"г. Минск, пр.Независимости, 117а, (вход со стороны ул.Филимонова)","53.9318911887,27.637019584","[{""curr_from"": ""byn"", ""curr_to"": ""usd"", ""rate"": ""2.91""}, {""curr_from"": ""usd"", ""curr_to"": ""byn"", ""rate"": ""2.885""}]"
4682290243477096546,Технобанк,"г. Минск, ул. Маяковского,6","53.884753825866,27.565779364918","[{""curr_from"": ""byn"", ""curr_to"": ""usd"", ""rate"": ""2.91""}, {""curr_from"": ""usd"", ""curr_to"": ""byn"", ""rate"": ""2.885""}]"
-8365784800617666373,Технобанк,"г. Минск, ул. Мельникайте, 8","53.9082470096,27.5441675595","[{""curr_from"": ""byn"", ""curr_to"": ""usd"", ""rate"": ""2.91""}, {""curr_from"": ""usd"", ""curr_to"": ""byn"", ""rate"": ""2.885""}]"
-8375757209753877236,Технобанк,"г. Минск, пр. Победителей, 65-1, ТРЦ «Замок»","53.9267705851,27.5178023314","[{""curr_from"": ""byn"", ""curr_to"": ""usd"", ""rate"": ""2.91""}, {""curr_from"": ""usd"", ""curr_to"": ""byn"", ""rate"": ""2.885""}]"
